{"files":{"bg-61a85477e60387c1822d4c8438eb89c2.gif":{"logical_path":"bg.gif","mtime":"2013-06-12T23:57:01+05:30","size":1114,"digest":"61a85477e60387c1822d4c8438eb89c2"},"blog-big-img-46a333e8716b1e1daf7f16612329b7e2.jpg":{"logical_path":"blog-big-img.jpg","mtime":"2014-04-14T16:15:23+05:30","size":198595,"digest":"46a333e8716b1e1daf7f16612329b7e2"},"logo-17ec08b629538b321060f626c8db5ff8.png":{"logical_path":"logo.png","mtime":"2014-04-14T16:04:03+05:30","size":41819,"digest":"17ec08b629538b321060f626c8db5ff8"},"social-41544c70e83db6cb41dd7eeb4dce3914.png":{"logical_path":"social.png","mtime":"2013-06-14T00:57:26+05:30","size":2763,"digest":"41544c70e83db6cb41dd7eeb4dce3914"},"application-10c112afc87bdb28551a0faabbf42aa9.js":{"logical_path":"application.js","mtime":"2014-04-14T15:56:50+05:30","size":510985,"digest":"10c112afc87bdb28551a0faabbf42aa9"},"application-d7c456bbb8e30f34a9f22bf5e88ab8ab.css":{"logical_path":"application.css","mtime":"2014-04-14T16:23:13+05:30","size":3033,"digest":"d7c456bbb8e30f34a9f22bf5e88ab8ab"}},"assets":{"bg.gif":"bg-61a85477e60387c1822d4c8438eb89c2.gif","blog-big-img.jpg":"blog-big-img-46a333e8716b1e1daf7f16612329b7e2.jpg","logo.png":"logo-17ec08b629538b321060f626c8db5ff8.png","social.png":"social-41544c70e83db6cb41dd7eeb4dce3914.png","application.js":"application-10c112afc87bdb28551a0faabbf42aa9.js","application.css":"application-d7c456bbb8e30f34a9f22bf5e88ab8ab.css"}}